command	numseqs	k	ss	time(s)
prep	25			7.986271142959595
ctree	25	6	500	9.004791498184204
ctree	25	6	750	9.136860370635986
ctree	25	6	1000	11.425053358078003
ctree	25	6	2500	8.699234247207642
ctree	25	6	5000	9.520938396453857
ctree	25	6	7500	8.893117666244507
ctree	25	6	10000	8.86379098892212
ctree	25	8	500	9.820580959320068
ctree	25	8	750	9.561887979507446
ctree	25	8	1000	9.734861135482788
ctree	25	8	2500	10.661365509033203
ctree	25	8	5000	9.663798570632935
ctree	25	8	7500	9.609188318252563
ctree	25	8	10000	9.515423059463501
ctree	25	10	500	12.421510457992554
ctree	25	10	750	12.458177328109741
ctree	25	10	1000	13.186559677124023
ctree	25	10	2500	12.550798892974854
ctree	25	10	5000	12.628632545471191
ctree	25	10	7500	12.365868091583252
ctree	25	10	10000	13.595983028411865
ctree	25	12	500	15.10972547531128
ctree	25	12	750	15.565074920654297
ctree	25	12	1000	14.947489976882935
ctree	25	12	2500	16.05493688583374
ctree	25	12	5000	15.922393083572388
ctree	25	12	7500	15.244043588638306
ctree	25	12	10000	15.73664927482605
ctree	25	14	500	17.66864538192749
ctree	25	14	750	16.467233180999756
ctree	25	14	1000	16.631906270980835
ctree	25	14	2500	16.598335027694702
ctree	25	14	5000	17.319211721420288
ctree	25	14	7500	16.841745138168335
ctree	25	14	10000	16.78563356399536
ctree	25	16	500	18.075422286987305
ctree	25	16	750	17.274293422698975
ctree	25	16	1000	17.00963258743286
ctree	25	16	2500	16.40681219100952
ctree	25	16	5000	17.72074794769287
ctree	25	16	7500	17.321285247802734
ctree	25	16	10000	16.867827892303467
ctree	25	18	500	18.34842348098755
ctree	25	18	750	17.373998165130615
ctree	25	18	1000	16.800490379333496
ctree	25	18	2500	17.61176061630249
ctree	25	18	5000	17.35199475288391
ctree	25	18	7500	16.948734045028687
ctree	25	18	10000	17.00378131866455
prep	50			14.459192037582397
ctree	50	6	500	12.948073863983154
ctree	50	6	750	12.417429447174072
ctree	50	6	1000	12.397889852523804
ctree	50	6	2500	12.689927101135254
ctree	50	6	5000	13.345803499221802
ctree	50	6	7500	12.8622567653656
ctree	50	6	10000	12.440414905548096
ctree	50	8	500	13.984511375427246
ctree	50	8	750	15.244610071182251
ctree	50	8	1000	14.0991849899292
ctree	50	8	2500	14.256618738174438
ctree	50	8	5000	14.21036410331726
ctree	50	8	7500	15.738389730453491
ctree	50	8	10000	14.634547710418701
ctree	50	10	500	20.137653827667236
ctree	50	10	750	20.382840394973755
ctree	50	10	1000	20.93512225151062
ctree	50	10	2500	19.763429641723633
ctree	50	10	5000	20.323652029037476
ctree	50	10	7500	20.41207456588745
ctree	50	10	10000	20.290040731430054
ctree	50	12	500	26.08156442642212
ctree	50	12	750	25.432505130767822
ctree	50	12	1000	24.805720329284668
ctree	50	12	2500	26.04089665412903
ctree	50	12	5000	24.298794984817505
ctree	50	12	7500	25.595439672470093
ctree	50	12	10000	25.100276470184326
ctree	50	14	500	27.21785283088684
ctree	50	14	750	27.00932264328003
ctree	50	14	1000	26.9587881565094
ctree	50	14	2500	27.246580839157104
ctree	50	14	5000	27.028470754623413
ctree	50	14	7500	27.827988862991333
ctree	50	14	10000	26.537789821624756
ctree	50	16	500	28.245910167694092
ctree	50	16	750	27.59990096092224
ctree	50	16	1000	28.018327713012695
ctree	50	16	2500	26.996203422546387
ctree	50	16	5000	28.198150157928467
ctree	50	16	7500	26.731871366500854
ctree	50	16	10000	27.77811074256897
ctree	50	18	500	27.213091373443604
ctree	50	18	750	27.360002756118774
ctree	50	18	1000	27.58917760848999
ctree	50	18	2500	26.708719968795776
ctree	50	18	5000	27.772550106048584
ctree	50	18	7500	26.49764370918274
ctree	50	18	10000	27.053617238998413
prep	75			15.340848684310913
ctree	75	6	500	16.61124587059021
ctree	75	6	750	16.672938585281372
ctree	75	6	1000	16.457589626312256
ctree	75	6	2500	16.34757685661316
ctree	75	6	5000	16.435240030288696
ctree	75	6	7500	16.754175662994385
ctree	75	6	10000	16.586726903915405
ctree	75	8	500	18.87400245666504
ctree	75	8	750	19.379921913146973
ctree	75	8	1000	18.592392921447754
ctree	75	8	2500	18.59904646873474
ctree	75	8	5000	18.482216358184814
ctree	75	8	7500	18.418904304504395
ctree	75	8	10000	18.515690088272095
ctree	75	10	500	27.819255590438843
ctree	75	10	750	26.890928268432617
ctree	75	10	1000	27.25677251815796
ctree	75	10	2500	27.231536388397217
ctree	75	10	5000	27.268049240112305
ctree	75	10	7500	27.816168308258057
ctree	75	10	10000	26.89354157447815
ctree	75	12	500	34.40404963493347
ctree	75	12	750	33.68161129951477
ctree	75	12	1000	34.36681413650513
ctree	75	12	2500	33.96133589744568
ctree	75	12	5000	33.66826105117798
ctree	75	12	7500	34.10692381858826
ctree	75	12	10000	33.404656648635864
ctree	75	14	500	37.31763553619385
ctree	75	14	750	36.7489230632782
ctree	75	14	1000	36.37270450592041
ctree	75	14	2500	37.49991059303284
ctree	75	14	5000	36.78528547286987
ctree	75	14	7500	37.06204676628113
ctree	75	14	10000	37.511545181274414
ctree	75	16	500	37.31239724159241
ctree	75	16	750	38.8558886051178
ctree	75	16	1000	37.2236270904541
ctree	75	16	2500	38.03782367706299
ctree	75	16	5000	38.78334593772888
ctree	75	16	7500	37.31081533432007
ctree	75	16	10000	37.69266319274902
ctree	75	18	500	38.132832765579224
ctree	75	18	750	37.32939887046814
ctree	75	18	1000	37.78997826576233
ctree	75	18	2500	37.022191524505615
ctree	75	18	5000	37.51443099975586
ctree	75	18	7500	38.730202436447144
ctree	75	18	10000	37.65077233314514
prep	100			19.894399881362915
ctree	100	6	500	19.38042950630188
ctree	100	6	750	19.85385251045227
ctree	100	6	1000	20.06042218208313
ctree	100	6	2500	19.856910467147827
ctree	100	6	5000	19.80075478553772
ctree	100	6	7500	19.919938802719116
ctree	100	6	10000	19.478934288024902
ctree	100	8	500	22.2927303314209
ctree	100	8	750	23.407118320465088
ctree	100	8	1000	22.456127405166626
ctree	100	8	2500	22.56959342956543
ctree	100	8	5000	22.900656700134277
ctree	100	8	7500	22.61329984664917
ctree	100	8	10000	23.247162103652954
ctree	100	10	500	33.00325798988342
ctree	100	10	750	34.09771800041199
ctree	100	10	1000	33.09160113334656
ctree	100	10	2500	34.00434374809265
ctree	100	10	5000	33.34412384033203
ctree	100	10	7500	33.01280093193054
ctree	100	10	10000	33.4087553024292
ctree	100	12	500	41.95382475852966
ctree	100	12	750	42.14098334312439
ctree	100	12	1000	41.90441346168518
ctree	100	12	2500	41.69407296180725
ctree	100	12	5000	42.20659112930298
ctree	100	12	7500	42.58385372161865
ctree	100	12	10000	42.402817249298096
ctree	100	14	500	45.233954191207886
ctree	100	14	750	46.494144678115845
ctree	100	14	1000	46.05943822860718
ctree	100	14	2500	45.60729956626892
ctree	100	14	5000	45.50457787513733
ctree	100	14	7500	46.1700713634491
ctree	100	14	10000	45.24937629699707
ctree	100	16	500	46.974177837371826
ctree	100	16	750	46.63970398902893
ctree	100	16	1000	46.94735765457153
ctree	100	16	2500	48.0859956741333
ctree	100	16	5000	47.24016761779785
ctree	100	16	7500	47.38756322860718
ctree	100	16	10000	47.98133587837219
ctree	100	18	500	48.75608444213867
ctree	100	18	750	47.64055633544922
ctree	100	18	1000	47.666348934173584
ctree	100	18	2500	47.38098692893982
ctree	100	18	5000	47.787134647369385
ctree	100	18	7500	47.64793038368225
ctree	100	18	10000	48.37919592857361
prep	125			24.653493642807007
ctree	125	6	500	26.121468782424927
ctree	125	6	750	26.18316078186035
ctree	125	6	1000	26.635308265686035
ctree	125	6	2500	25.35514521598816
ctree	125	6	5000	25.7356538772583
ctree	125	6	7500	25.586155652999878
ctree	125	6	10000	25.672462701797485
ctree	125	8	500	30.763551950454712
ctree	125	8	750	30.50291156768799
ctree	125	8	1000	30.932071685791016
ctree	125	8	2500	30.06120777130127
ctree	125	8	5000	30.281006813049316
ctree	125	8	7500	29.874804735183716
ctree	125	8	10000	30.360044479370117
ctree	125	10	500	44.56860876083374
ctree	125	10	750	44.196447134017944
ctree	125	10	1000	44.906381368637085
ctree	125	10	2500	44.32343530654907
ctree	125	10	5000	44.40322470664978
ctree	125	10	7500	44.62667107582092
ctree	125	10	10000	45.14340782165527
ctree	125	12	500	56.58038568496704
ctree	125	12	750	57.265864610672
ctree	125	12	1000	57.451168060302734
ctree	125	12	2500	56.63507127761841
ctree	125	12	5000	56.65186619758606
ctree	125	12	7500	56.269662857055664
ctree	125	12	10000	56.182942390441895
ctree	125	14	500	62.14269542694092
ctree	125	14	750	61.871439695358276
ctree	125	14	1000	62.85123085975647
ctree	125	14	2500	62.963836669921875
ctree	125	14	5000	63.51513409614563
ctree	125	14	7500	62.60191798210144
ctree	125	14	10000	63.206799268722534
ctree	125	16	500	63.93512773513794
ctree	125	16	750	63.391178607940674
ctree	125	16	1000	63.86795496940613
ctree	125	16	2500	63.60075855255127
ctree	125	16	5000	63.9323468208313
ctree	125	16	7500	63.574849367141724
ctree	125	16	10000	63.85884428024292
ctree	125	18	500	66.33990335464478
ctree	125	18	750	65.82142472267151
ctree	125	18	1000	65.61667728424072
ctree	125	18	2500	64.8125832080841
ctree	125	18	5000	64.95548868179321
ctree	125	18	7500	64.3889262676239
ctree	125	18	10000	64.71918773651123
prep	150			33.00557994842529
ctree	150	6	500	30.30819058418274
ctree	150	6	750	30.817695379257202
ctree	150	6	1000	30.209954261779785
ctree	150	6	2500	30.138383388519287
ctree	150	6	5000	29.66161584854126
ctree	150	6	7500	30.438143253326416
ctree	150	6	10000	29.772504091262817
ctree	150	8	500	36.07774806022644
ctree	150	8	750	35.07670044898987
ctree	150	8	1000	35.557445764541626
ctree	150	8	2500	35.61976146697998
ctree	150	8	5000	35.41528344154358
ctree	150	8	7500	35.204430103302
ctree	150	8	10000	34.78023171424866
ctree	150	10	500	52.19568490982056
ctree	150	10	750	53.50390005111694
ctree	150	10	1000	52.55905199050903
ctree	150	10	2500	52.86836218833923
ctree	150	10	5000	52.189817667007446
ctree	150	10	7500	52.61027812957764
ctree	150	10	10000	51.688851833343506
ctree	150	12	500	66.77617263793945
ctree	150	12	750	66.97391891479492
ctree	150	12	1000	66.25110912322998
ctree	150	12	2500	67.41879510879517
ctree	150	12	5000	67.82878565788269
ctree	150	12	7500	66.82444429397583
ctree	150	12	10000	66.2418463230133
ctree	150	14	500	73.52062964439392
ctree	150	14	750	72.07519769668579
ctree	150	14	1000	73.13978862762451
ctree	150	14	2500	73.17288327217102
ctree	150	14	5000	72.99458479881287
ctree	150	14	7500	74.41304302215576
ctree	150	14	10000	73.32933616638184
ctree	150	16	500	75.50997948646545
ctree	150	16	750	75.1775860786438
ctree	150	16	1000	75.38144397735596
ctree	150	16	2500	75.54639649391174
ctree	150	16	5000	74.57725501060486
ctree	150	16	7500	74.58460998535156
ctree	150	16	10000	74.55642414093018
ctree	150	18	500	75.21659803390503
ctree	150	18	750	75.76381731033325
ctree	150	18	1000	75.71292567253113
ctree	150	18	2500	75.31393551826477
ctree	150	18	5000	75.82640933990479
ctree	150	18	7500	75.30144119262695
ctree	150	18	10000	75.78379797935486
prep	175			41.518019914627075
ctree	175	6	500	33.51853704452515
ctree	175	6	750	33.13843822479248
ctree	175	6	1000	33.47734522819519
ctree	175	6	2500	32.82292580604553
ctree	175	6	5000	33.52251625061035
ctree	175	6	7500	33.27590847015381
ctree	175	6	10000	34.3414249420166
ctree	175	8	500	39.755486249923706
ctree	175	8	750	38.84741163253784
ctree	175	8	1000	40.27775502204895
ctree	175	8	2500	40.09403324127197
ctree	175	8	5000	38.78680920600891
ctree	175	8	7500	40.36410164833069
ctree	175	8	10000	39.02303719520569
ctree	175	10	500	58.81695795059204
ctree	175	10	750	57.91783118247986
ctree	175	10	1000	58.066415309906006
ctree	175	10	2500	57.64306616783142
ctree	175	10	5000	57.090017557144165
ctree	175	10	7500	58.25805926322937
ctree	175	10	10000	58.72820472717285
ctree	175	12	500	75.90005564689636
ctree	175	12	750	75.59455585479736
ctree	175	12	1000	74.25693583488464
ctree	175	12	2500	74.47184181213379
ctree	175	12	5000	74.36839485168457
ctree	175	12	7500	74.8658127784729
ctree	175	12	10000	74.50971293449402
ctree	175	14	500	82.55200386047363
ctree	175	14	750	83.2671046257019
ctree	175	14	1000	81.91083025932312
ctree	175	14	2500	82.95407843589783
ctree	175	14	5000	82.53843474388123
ctree	175	14	7500	82.43371033668518
ctree	175	14	10000	83.26320767402649
ctree	175	16	500	84.84618473052979
ctree	175	16	750	85.067542552948
ctree	175	16	1000	83.40286493301392
ctree	175	16	2500	83.51118493080139
ctree	175	16	5000	84.87082934379578
ctree	175	16	7500	84.82096004486084
ctree	175	16	10000	85.1178994178772
ctree	175	18	500	85.86044669151306
ctree	175	18	750	85.84363055229187
ctree	175	18	1000	86.56750440597534
ctree	175	18	2500	86.83547377586365
ctree	175	18	5000	86.07001090049744
ctree	175	18	7500	86.09383249282837
ctree	175	18	10000	86.2900812625885
prep	200			48.157153606414795
ctree	200	6	500	39.295891523361206
ctree	200	6	750	40.265077114105225
ctree	200	6	1000	39.58195757865906
ctree	200	6	2500	39.36824369430542
ctree	200	6	5000	39.850919008255005
ctree	200	6	7500	39.140711545944214
ctree	200	6	10000	39.2000732421875
ctree	200	8	500	46.93762159347534
ctree	200	8	750	46.359232664108276
ctree	200	8	1000	45.378506898880005
ctree	200	8	2500	45.7220413684845
ctree	200	8	5000	46.57279419898987
ctree	200	8	7500	46.456604957580566
ctree	200	8	10000	46.005897998809814
ctree	200	10	500	69.21336221694946
ctree	200	10	750	68.90535545349121
ctree	200	10	1000	68.29227042198181
ctree	200	10	2500	68.79553890228271
ctree	200	10	5000	69.31018018722534
ctree	200	10	7500	69.081613779068
ctree	200	10	10000	68.81887316703796
ctree	200	12	500	89.66755104064941
ctree	200	12	750	88.86804509162903
ctree	200	12	1000	88.92457032203674
ctree	200	12	2500	88.84239888191223
ctree	200	12	5000	89.63783097267151
ctree	200	12	7500	89.25984716415405
ctree	200	12	10000	90.00153040885925
ctree	200	14	500	99.32455468177795
ctree	200	14	750	98.62366795539856
ctree	200	14	1000	100.27322125434875
ctree	200	14	2500	99.07217001914978
ctree	200	14	5000	99.1114513874054
ctree	200	14	7500	101.23150849342346
ctree	200	14	10000	99.67894864082336
ctree	200	16	500	102.69343113899231
ctree	200	16	750	103.69494676589966
ctree	200	16	1000	103.55452418327332
ctree	200	16	2500	103.0433988571167
ctree	200	16	5000	102.07887506484985
ctree	200	16	7500	103.82042121887207
ctree	200	16	10000	103.01863384246826
ctree	200	18	500	103.47237420082092
ctree	200	18	750	103.98161125183105
ctree	200	18	1000	104.78054547309875
ctree	200	18	2500	109.39652299880981
ctree	200	18	5000	105.03493857383728
ctree	200	18	7500	104.48526787757874
ctree	200	18	10000	107.14113879203796
prep	25			6.286753177642822
ctree	25	6	500	8.568217992782593
ctree	25	6	750	8.631028890609741
ctree	25	6	1000	8.897704601287842
ctree	25	6	2500	9.551475048065186
ctree	25	6	5000	8.860440254211426
ctree	25	6	7500	8.723131656646729
ctree	25	6	10000	8.653081893920898
ctree	25	8	500	9.575020790100098
ctree	25	8	750	9.355241298675537
ctree	25	8	1000	9.501065015792847
ctree	25	8	2500	10.204147100448608
ctree	25	8	5000	9.567009687423706
ctree	25	8	7500	9.57771110534668
ctree	25	8	10000	9.516381978988647
ctree	25	10	500	12.931334495544434
ctree	25	10	750	13.515264987945557
ctree	25	10	1000	12.765580177307129
ctree	25	10	2500	12.896108388900757
ctree	25	10	5000	12.77357816696167
ctree	25	10	7500	12.549236297607422
ctree	25	10	10000	13.553161144256592
ctree	25	12	500	15.293583631515503
ctree	25	12	750	15.419174194335938
ctree	25	12	1000	15.27739953994751
ctree	25	12	2500	15.86404299736023
ctree	25	12	5000	15.65914249420166
ctree	25	12	7500	15.388118505477905
ctree	25	12	10000	15.300503492355347
ctree	25	14	500	17.52567195892334
ctree	25	14	750	17.07767128944397
ctree	25	14	1000	16.868401765823364
ctree	25	14	2500	17.728163480758667
ctree	25	14	5000	16.646433115005493
ctree	25	14	7500	16.853193044662476
ctree	25	14	10000	16.788559198379517
ctree	25	16	500	17.848921060562134
ctree	25	16	750	17.228492259979248
ctree	25	16	1000	16.897418975830078
ctree	25	16	2500	18.127572298049927
ctree	25	16	5000	17.325963735580444
ctree	25	16	7500	16.969436645507812
ctree	25	16	10000	17.018359184265137
ctree	25	18	500	17.637790203094482
ctree	25	18	750	17.09929585456848
ctree	25	18	1000	17.205732583999634
ctree	25	18	2500	17.81527853012085
ctree	25	18	5000	16.9873263835907
ctree	25	18	7500	16.961967945098877
ctree	25	18	10000	17.175880193710327
prep	50			11.636137247085571
ctree	50	6	500	12.007156372070312
ctree	50	6	750	12.069783449172974
ctree	50	6	1000	12.093077182769775
ctree	50	6	2500	11.90691351890564
ctree	50	6	5000	12.20664930343628
ctree	50	6	7500	12.034801006317139
ctree	50	6	10000	12.160062789916992
ctree	50	8	500	13.683657884597778
ctree	50	8	750	14.402604341506958
ctree	50	8	1000	13.817023754119873
ctree	50	8	2500	13.667150020599365
ctree	50	8	5000	13.638947248458862
ctree	50	8	7500	13.683701276779175
ctree	50	8	10000	14.184634923934937
ctree	50	10	500	19.270493984222412
ctree	50	10	750	19.251110792160034
ctree	50	10	1000	20.24401021003723
ctree	50	10	2500	19.17101788520813
ctree	50	10	5000	19.23306918144226
ctree	50	10	7500	19.920442819595337
ctree	50	10	10000	19.100417852401733
ctree	50	12	500	23.61320185661316
ctree	50	12	750	25.051783561706543
ctree	50	12	1000	23.72682213783264
ctree	50	12	2500	24.291542053222656
ctree	50	12	5000	23.89830255508423
ctree	50	12	7500	23.634681224822998
ctree	50	12	10000	24.93640899658203
ctree	50	14	500	25.724619150161743
ctree	50	14	750	26.50716280937195
ctree	50	14	1000	25.3259756565094
ctree	50	14	2500	25.73028874397278
ctree	50	14	5000	25.496981859207153
ctree	50	14	7500	25.344762563705444
ctree	50	14	10000	26.053101301193237
ctree	50	16	500	26.866049766540527
ctree	50	16	750	27.34398627281189
ctree	50	16	1000	26.270751476287842
ctree	50	16	2500	27.414297580718994
ctree	50	16	5000	26.271383047103882
ctree	50	16	7500	25.958036422729492
ctree	50	16	10000	27.51912236213684
ctree	50	18	500	26.701139450073242
ctree	50	18	750	27.721486806869507
ctree	50	18	1000	26.58165693283081
ctree	50	18	2500	28.15672278404236
ctree	50	18	5000	26.340725421905518
ctree	50	18	7500	27.446558713912964
ctree	50	18	10000	26.7573139667511
prep	75			17.102697372436523
ctree	75	6	500	16.417479991912842
ctree	75	6	750	15.857745170593262
ctree	75	6	1000	15.717597246170044
ctree	75	6	2500	15.775733470916748
ctree	75	6	5000	16.357158660888672
ctree	75	6	7500	15.686834335327148
ctree	75	6	10000	15.577863931655884
ctree	75	8	500	18.703518390655518
ctree	75	8	750	18.3372483253479
ctree	75	8	1000	17.97975254058838
ctree	75	8	2500	18.66724157333374
ctree	75	8	5000	18.83704686164856
ctree	75	8	7500	18.067038536071777
ctree	75	8	10000	18.72203516960144
ctree	75	10	500	27.31415843963623
ctree	75	10	750	26.459644079208374
ctree	75	10	1000	27.95958375930786
ctree	75	10	2500	26.708856105804443
ctree	75	10	5000	28.04412341117859
ctree	75	10	7500	26.839008331298828
ctree	75	10	10000	28.694491863250732
ctree	75	12	500	33.28844499588013
ctree	75	12	750	34.23989200592041
ctree	75	12	1000	33.36679768562317
ctree	75	12	2500	34.5270562171936
ctree	75	12	5000	33.63500690460205
ctree	75	12	7500	34.58313298225403
ctree	75	12	10000	34.369542598724365
ctree	75	14	500	36.04181957244873
ctree	75	14	750	36.72343039512634
ctree	75	14	1000	35.92675232887268
ctree	75	14	2500	36.48056483268738
ctree	75	14	5000	36.18976593017578
ctree	75	14	7500	35.29362773895264
ctree	75	14	10000	36.82553720474243
ctree	75	16	500	36.578065633773804
ctree	75	16	750	37.332602739334106
ctree	75	16	1000	38.04395842552185
ctree	75	16	2500	36.43854093551636
ctree	75	16	5000	37.015804052352905
ctree	75	16	7500	36.1122522354126
ctree	75	16	10000	36.926188230514526
ctree	75	18	500	37.50299882888794
ctree	75	18	750	36.14425730705261
ctree	75	18	1000	37.07720732688904
ctree	75	18	2500	36.93929982185364
ctree	75	18	5000	36.90256977081299
ctree	75	18	7500	37.7908661365509
ctree	75	18	10000	36.90948224067688
prep	100			18.081944227218628
ctree	100	6	500	20.9135262966156
ctree	100	6	750	20.736157178878784
ctree	100	6	1000	21.534521341323853
ctree	100	6	2500	20.668181896209717
ctree	100	6	5000	20.722917318344116
ctree	100	6	7500	20.97416877746582
ctree	100	6	10000	20.775165796279907
ctree	100	8	500	24.408666372299194
ctree	100	8	750	24.058440446853638
ctree	100	8	1000	24.190625429153442
ctree	100	8	2500	24.895357847213745
ctree	100	8	5000	23.837392568588257
ctree	100	8	7500	24.446186065673828
ctree	100	8	10000	23.95335555076599
ctree	100	10	500	35.78489565849304
ctree	100	10	750	34.880494832992554
ctree	100	10	1000	36.49342632293701
ctree	100	10	2500	35.13801717758179
ctree	100	10	5000	36.00838875770569
ctree	100	10	7500	36.35271453857422
ctree	100	10	10000	35.03518199920654
ctree	100	12	500	45.840680837631226
ctree	100	12	750	46.0950562953949
ctree	100	12	1000	44.93309283256531
ctree	100	12	2500	45.627182483673096
ctree	100	12	5000	45.95324087142944
ctree	100	12	7500	45.72723054885864
ctree	100	12	10000	45.40730834007263
ctree	100	14	500	49.69872236251831
ctree	100	14	750	50.0066773891449
ctree	100	14	1000	50.37438464164734
ctree	100	14	2500	50.553045988082886
ctree	100	14	5000	50.238954067230225
ctree	100	14	7500	49.557581186294556
ctree	100	14	10000	49.207189321517944
ctree	100	16	500	51.506094217300415
ctree	100	16	750	51.74810028076172
ctree	100	16	1000	51.108651876449585
ctree	100	16	2500	51.46145725250244
ctree	100	16	5000	51.40232181549072
ctree	100	16	7500	50.712005615234375
ctree	100	16	10000	50.6175000667572
ctree	100	18	500	51.87379336357117
ctree	100	18	750	51.88377642631531
ctree	100	18	1000	52.46021246910095
ctree	100	18	2500	52.48728084564209
ctree	100	18	5000	51.61832928657532
ctree	100	18	7500	51.122143268585205
ctree	100	18	10000	50.99438834190369
prep	125			25.342925786972046
ctree	125	6	500	25.35776376724243
ctree	125	6	750	26.200130462646484
ctree	125	6	1000	25.23683261871338
ctree	125	6	2500	25.104331731796265
ctree	125	6	5000	25.10805058479309
ctree	125	6	7500	25.169368505477905
ctree	125	6	10000	25.91310977935791
ctree	125	8	500	29.354185581207275
ctree	125	8	750	30.40616726875305
ctree	125	8	1000	29.260390758514404
ctree	125	8	2500	29.66429591178894
ctree	125	8	5000	29.17474102973938
ctree	125	8	7500	30.607848167419434
ctree	125	8	10000	29.732764959335327
ctree	125	10	500	45.3817675113678
ctree	125	10	750	44.48432397842407
ctree	125	10	1000	44.07131266593933
ctree	125	10	2500	44.18957710266113
ctree	125	10	5000	44.95493030548096
ctree	125	10	7500	45.12291741371155
ctree	125	10	10000	44.06657028198242
ctree	125	12	500	56.49519896507263
ctree	125	12	750	56.74636149406433
ctree	125	12	1000	56.46935439109802
ctree	125	12	2500	56.48552322387695
ctree	125	12	5000	56.776721239089966
ctree	125	12	7500	57.12868642807007
ctree	125	12	10000	57.27280569076538
ctree	125	14	500	61.239753007888794
ctree	125	14	750	61.77855563163757
ctree	125	14	1000	61.47853064537048
ctree	125	14	2500	61.54278564453125
ctree	125	14	5000	62.05571246147156
ctree	125	14	7500	62.14208197593689
ctree	125	14	10000	64.84595918655396
ctree	125	16	500	63.51915884017944
ctree	125	16	750	63.87443017959595
ctree	125	16	1000	63.58833050727844
ctree	125	16	2500	61.698851108551025
ctree	125	16	5000	62.71196532249451
ctree	125	16	7500	62.502859354019165
ctree	125	16	10000	62.59107971191406
ctree	125	18	500	65.70480728149414
ctree	125	18	750	64.37801909446716
ctree	125	18	1000	65.13502407073975
ctree	125	18	2500	64.26336812973022
ctree	125	18	5000	63.699016094207764
ctree	125	18	7500	63.448007345199585
ctree	125	18	10000	62.862443923950195
prep	150			31.420249700546265
ctree	150	6	500	27.41094207763672
ctree	150	6	750	27.82951021194458
ctree	150	6	1000	27.66376519203186
ctree	150	6	2500	27.69001293182373
ctree	150	6	5000	27.51292395591736
ctree	150	6	7500	27.965410232543945
ctree	150	6	10000	28.343529224395752
ctree	150	8	500	32.59001588821411
ctree	150	8	750	32.863311529159546
ctree	150	8	1000	32.64916658401489
ctree	150	8	2500	32.41676712036133
ctree	150	8	5000	33.45334005355835
ctree	150	8	7500	32.2418532371521
ctree	150	8	10000	32.95581364631653
ctree	150	10	500	48.732053995132446
ctree	150	10	750	48.86540412902832
ctree	150	10	1000	49.030433654785156
ctree	150	10	2500	49.494755029678345
ctree	150	10	5000	48.937520027160645
ctree	150	10	7500	47.976221799850464
ctree	150	10	10000	48.436317920684814
ctree	150	12	500	62.47169065475464
ctree	150	12	750	61.80034160614014
ctree	150	12	1000	61.62738656997681
ctree	150	12	2500	63.25357389450073
ctree	150	12	5000	61.96489858627319
ctree	150	12	7500	61.83899807929993
ctree	150	12	10000	61.3964307308197
ctree	150	14	500	67.07066607475281
ctree	150	14	750	68.53101658821106
ctree	150	14	1000	68.64526677131653
ctree	150	14	2500	68.57825040817261
ctree	150	14	5000	69.26825523376465
ctree	150	14	7500	70.35582709312439
ctree	150	14	10000	68.54522275924683
ctree	150	16	500	68.66807079315186
ctree	150	16	750	69.03745198249817
ctree	150	16	1000	68.6593565940857
ctree	150	16	2500	69.58186531066895
ctree	150	16	5000	69.93987107276917
ctree	150	16	7500	69.97135972976685
ctree	150	16	10000	70.65426087379456
ctree	150	18	500	70.39403915405273
ctree	150	18	750	69.08155965805054
ctree	150	18	1000	69.27588510513306
ctree	150	18	2500	69.26073813438416
ctree	150	18	5000	69.41102409362793
ctree	150	18	7500	70.2694821357727
ctree	150	18	10000	70.37346863746643
prep	175			33.93948221206665
ctree	175	6	500	32.59184455871582
ctree	175	6	750	33.94758987426758
ctree	175	6	1000	32.789857149124146
ctree	175	6	2500	33.6402473449707
ctree	175	6	5000	32.87633442878723
ctree	175	6	7500	33.522467613220215
ctree	175	6	10000	33.011494636535645
ctree	175	8	500	38.876219749450684
ctree	175	8	750	39.074368715286255
ctree	175	8	1000	38.362060546875
ctree	175	8	2500	39.63713192939758
ctree	175	8	5000	39.269776582717896
ctree	175	8	7500	38.2608962059021
ctree	175	8	10000	38.93502736091614
ctree	175	10	500	59.63134789466858
ctree	175	10	750	58.69391846656799
ctree	175	10	1000	58.75185704231262
ctree	175	10	2500	59.93318963050842
ctree	175	10	5000	57.76579713821411
ctree	175	10	7500	57.80358576774597
ctree	175	10	10000	57.834213733673096
ctree	175	12	500	74.96233129501343
ctree	175	12	750	74.8938090801239
ctree	175	12	1000	75.57951188087463
ctree	175	12	2500	75.4148621559143
ctree	175	12	5000	75.97299480438232
ctree	175	12	7500	75.65973401069641
ctree	175	12	10000	74.27288365364075
ctree	175	14	500	81.31756043434143
ctree	175	14	750	81.43208479881287
ctree	175	14	1000	82.09746170043945
ctree	175	14	2500	81.68135356903076
ctree	175	14	5000	82.17633938789368
ctree	175	14	7500	82.41209840774536
ctree	175	14	10000	81.68980002403259
ctree	175	16	500	82.99233818054199
ctree	175	16	750	82.91317510604858
ctree	175	16	1000	83.73086643218994
ctree	175	16	2500	84.1216721534729
ctree	175	16	5000	85.63578224182129
ctree	175	16	7500	84.02292990684509
ctree	175	16	10000	83.5327479839325
ctree	175	18	500	82.96391248703003
ctree	175	18	750	84.87965989112854
ctree	175	18	1000	84.34295606613159
ctree	175	18	2500	84.86762428283691
ctree	175	18	5000	84.21502041816711
ctree	175	18	7500	84.51027584075928
ctree	175	18	10000	85.11155438423157
prep	200			36.24466156959534
ctree	200	6	500	39.013835430145264
ctree	200	6	750	38.80585551261902
ctree	200	6	1000	38.025880575180054
ctree	200	6	2500	38.8224823474884
ctree	200	6	5000	37.839025259017944
ctree	200	6	7500	38.5124294757843
ctree	200	6	10000	39.10557317733765
ctree	200	8	500	44.790024280548096
ctree	200	8	750	45.23904585838318
ctree	200	8	1000	45.89558792114258
ctree	200	8	2500	45.34207105636597
ctree	200	8	5000	45.31503081321716
ctree	200	8	7500	45.33333897590637
ctree	200	8	10000	45.81818342208862
ctree	200	10	500	67.6439437866211
ctree	200	10	750	67.38479256629944
ctree	200	10	1000	66.7999153137207
ctree	200	10	2500	68.72157883644104
ctree	200	10	5000	67.99776005744934
ctree	200	10	7500	68.00809454917908
ctree	200	10	10000	68.14387488365173
ctree	200	12	500	87.42146492004395
ctree	200	12	750	85.4508490562439
ctree	200	12	1000	85.75201606750488
ctree	200	12	2500	86.7236716747284
ctree	200	12	5000	87.94817423820496
ctree	200	12	7500	88.67262291908264
ctree	200	12	10000	88.52342343330383
ctree	200	14	500	96.1659255027771
ctree	200	14	750	94.47249913215637
ctree	200	14	1000	95.02400493621826
ctree	200	14	2500	96.10428810119629
ctree	200	14	5000	96.32888340950012
ctree	200	14	7500	96.88871335983276
ctree	200	14	10000	96.29883098602295
ctree	200	16	500	97.20017194747925
ctree	200	16	750	96.90939354896545
ctree	200	16	1000	98.13295221328735
ctree	200	16	2500	102.04998731613159
ctree	200	16	5000	99.6148521900177
ctree	200	16	7500	98.98257350921631
ctree	200	16	10000	98.31388449668884
ctree	200	18	500	97.2857894897461
ctree	200	18	750	100.24827003479004
ctree	200	18	1000	101.44305682182312
ctree	200	18	2500	99.32745218276978
ctree	200	18	5000	99.50733137130737
ctree	200	18	7500	98.84624934196472
ctree	200	18	10000	98.05285906791687
prep	25			6.055377721786499
ctree	25	6	500	9.014667510986328
ctree	25	6	750	8.930609703063965
ctree	25	6	1000	8.956324815750122
ctree	25	6	2500	8.723730564117432
ctree	25	6	5000	8.892944812774658
ctree	25	6	7500	8.869816303253174
ctree	25	6	10000	9.195074319839478
ctree	25	8	500	9.831345796585083
ctree	25	8	750	10.223784685134888
ctree	25	8	1000	9.796590089797974
ctree	25	8	2500	10.078243017196655
ctree	25	8	5000	9.944664716720581
ctree	25	8	7500	10.477962017059326
ctree	25	8	10000	9.9335298538208
ctree	25	10	500	13.32555890083313
ctree	25	10	750	13.56749677658081
ctree	25	10	1000	14.160677194595337
ctree	25	10	2500	13.753077507019043
ctree	25	10	5000	13.21656584739685
ctree	25	10	7500	13.237468481063843
ctree	25	10	10000	13.748863220214844
ctree	25	12	500	17.05243730545044
ctree	25	12	750	16.399929523468018
ctree	25	12	1000	16.721579551696777
ctree	25	12	2500	16.496274709701538
ctree	25	12	5000	16.988476991653442
ctree	25	12	7500	17.19621181488037
ctree	25	12	10000	16.934592247009277
ctree	25	14	500	18.702150583267212
ctree	25	14	750	18.03653621673584
ctree	25	14	1000	17.759161710739136
ctree	25	14	2500	18.106299877166748
ctree	25	14	5000	18.134159564971924
ctree	25	14	7500	17.95213007926941
ctree	25	14	10000	18.05230474472046
ctree	25	16	500	18.864338636398315
ctree	25	16	750	18.033382177352905
ctree	25	16	1000	17.66763210296631
ctree	25	16	2500	18.564151287078857
ctree	25	16	5000	17.72143578529358
ctree	25	16	7500	17.70187783241272
ctree	25	16	10000	18.09878897666931
ctree	25	18	500	17.924501180648804
ctree	25	18	750	18.09897756576538
ctree	25	18	1000	18.15162205696106
ctree	25	18	2500	18.539733171463013
ctree	25	18	5000	18.32600998878479
ctree	25	18	7500	18.602153778076172
ctree	25	18	10000	19.232762575149536
prep	50			10.75352168083191
ctree	50	6	500	13.291287183761597
ctree	50	6	750	13.200557947158813
ctree	50	6	1000	13.148754835128784
ctree	50	6	2500	13.085423469543457
ctree	50	6	5000	13.361786365509033
ctree	50	6	7500	13.210012197494507
ctree	50	6	10000	13.136536598205566
ctree	50	8	500	15.455184698104858
ctree	50	8	750	14.999523878097534
ctree	50	8	1000	15.005583047866821
ctree	50	8	2500	14.854939699172974
ctree	50	8	5000	15.802098035812378
ctree	50	8	7500	14.937429428100586
ctree	50	8	10000	14.775602340698242
ctree	50	10	500	21.15753674507141
ctree	50	10	750	20.972461462020874
ctree	50	10	1000	21.20913004875183
ctree	50	10	2500	21.38866400718689
ctree	50	10	5000	20.689987659454346
ctree	50	10	7500	20.7694730758667
ctree	50	10	10000	21.576857805252075
ctree	50	12	500	26.176373720169067
ctree	50	12	750	26.22715711593628
ctree	50	12	1000	25.96550965309143
ctree	50	12	2500	26.06108283996582
ctree	50	12	5000	26.756473541259766
ctree	50	12	7500	25.89047384262085
ctree	50	12	10000	27.13041043281555
ctree	50	14	500	28.616122722625732
ctree	50	14	750	30.585492849349976
ctree	50	14	1000	28.685879230499268
ctree	50	14	2500	29.270566940307617
ctree	50	14	5000	29.185773372650146
ctree	50	14	7500	30.13213038444519
ctree	50	14	10000	28.88134527206421
ctree	50	16	500	30.35342502593994
ctree	50	16	750	29.79301404953003
ctree	50	16	1000	30.638108491897583
ctree	50	16	2500	29.816821336746216
ctree	50	16	5000	30.021098375320435
ctree	50	16	7500	29.624040126800537
ctree	50	16	10000	30.187554121017456
ctree	50	18	500	29.98558259010315
ctree	50	18	750	30.105304479599
ctree	50	18	1000	30.540931940078735
ctree	50	18	2500	31.181619882583618
ctree	50	18	5000	30.109645128250122
ctree	50	18	7500	30.386077165603638
ctree	50	18	10000	30.488379955291748
prep	75			15.347790718078613
ctree	75	6	500	19.341163873672485
ctree	75	6	750	18.65458655357361
ctree	75	6	1000	18.66328454017639
ctree	75	6	2500	19.02924394607544
ctree	75	6	5000	18.546560764312744
ctree	75	6	7500	18.38612151145935
ctree	75	6	10000	19.33467173576355
ctree	75	8	500	21.260950803756714
ctree	75	8	750	21.22921395301819
ctree	75	8	1000	22.435296297073364
ctree	75	8	2500	21.308385133743286
ctree	75	8	5000	21.182931661605835
ctree	75	8	7500	21.988837957382202
ctree	75	8	10000	21.174079418182373
ctree	75	10	500	32.267334938049316
ctree	75	10	750	31.287153005599976
ctree	75	10	1000	32.84763813018799
ctree	75	10	2500	31.7892587184906
ctree	75	10	5000	32.45420551300049
ctree	75	10	7500	31.177831411361694
ctree	75	10	10000	31.901331424713135
ctree	75	12	500	40.09808921813965
ctree	75	12	750	39.496596813201904
ctree	75	12	1000	40.678428173065186
ctree	75	12	2500	39.79950499534607
ctree	75	12	5000	38.99888205528259
ctree	75	12	7500	39.99872088432312
ctree	75	12	10000	40.06647968292236
ctree	75	14	500	44.322770833969116
ctree	75	14	750	45.22006869316101
ctree	75	14	1000	44.81560254096985
ctree	75	14	2500	43.728516578674316
ctree	75	14	5000	43.79585838317871
ctree	75	14	7500	44.44200420379639
ctree	75	14	10000	44.02269005775452
ctree	75	16	500	44.64698123931885
ctree	75	16	750	45.5790057182312
ctree	75	16	1000	44.947412729263306
ctree	75	16	2500	45.57728028297424
ctree	75	16	5000	46.03877568244934
ctree	75	16	7500	44.6276319026947
ctree	75	16	10000	45.77592468261719
ctree	75	18	500	45.00949692726135
ctree	75	18	750	44.771668672561646
ctree	75	18	1000	44.90832328796387
ctree	75	18	2500	45.6059033870697
ctree	75	18	5000	45.41634774208069
ctree	75	18	7500	44.65599703788757
ctree	75	18	10000	44.8810601234436
prep	100			15.789884090423584
ctree	100	6	500	19.409790515899658
ctree	100	6	750	19.390856981277466
ctree	100	6	1000	19.49770212173462
ctree	100	6	2500	19.87950325012207
ctree	100	6	5000	19.5600802898407
ctree	100	6	7500	19.58362364768982
ctree	100	6	10000	19.768511533737183
ctree	100	8	500	22.52664351463318
ctree	100	8	750	23.071791648864746
ctree	100	8	1000	22.59137797355652
ctree	100	8	2500	22.597166538238525
ctree	100	8	5000	23.659942150115967
ctree	100	8	7500	22.595644235610962
ctree	100	8	10000	22.740422248840332
ctree	100	10	500	33.69103693962097
ctree	100	10	750	34.38596820831299
ctree	100	10	1000	33.5783007144928
ctree	100	10	2500	34.19240736961365
ctree	100	10	5000	33.31123971939087
ctree	100	10	7500	34.53612804412842
ctree	100	10	10000	33.44392681121826
ctree	100	12	500	42.72118782997131
ctree	100	12	750	42.92489552497864
ctree	100	12	1000	42.36347937583923
ctree	100	12	2500	41.77649712562561
ctree	100	12	5000	42.940646171569824
ctree	100	12	7500	43.31553649902344
ctree	100	12	10000	42.65522646903992
ctree	100	14	500	47.63884210586548
ctree	100	14	750	47.29870533943176
ctree	100	14	1000	47.367180824279785
ctree	100	14	2500	47.01944017410278
ctree	100	14	5000	46.561400175094604
ctree	100	14	7500	47.26514220237732
ctree	100	14	10000	47.19976353645325
ctree	100	16	500	47.904088497161865
ctree	100	16	750	47.60961890220642
ctree	100	16	1000	47.384798765182495
ctree	100	16	2500	48.21943950653076
ctree	100	16	5000	48.121044874191284
ctree	100	16	7500	48.5045063495636
ctree	100	16	10000	47.533862590789795
ctree	100	18	500	47.58596873283386
ctree	100	18	750	49.12435293197632
ctree	100	18	1000	49.02868032455444
ctree	100	18	2500	49.175662994384766
ctree	100	18	5000	48.43020296096802
ctree	100	18	7500	48.31401801109314
ctree	100	18	10000	48.20963191986084
prep	125			24.192006826400757
ctree	125	6	500	24.019127130508423
ctree	125	6	750	23.97640633583069
ctree	125	6	1000	24.496673583984375
ctree	125	6	2500	24.227293014526367
ctree	125	6	5000	24.4192111492157
ctree	125	6	7500	24.019044876098633
ctree	125	6	10000	23.969857215881348
ctree	125	8	500	28.88982343673706
ctree	125	8	750	27.983745336532593
ctree	125	8	1000	29.015263319015503
ctree	125	8	2500	28.305582284927368
ctree	125	8	5000	29.14933204650879
ctree	125	8	7500	28.127493381500244
ctree	125	8	10000	29.400405168533325
ctree	125	10	500	42.212886810302734
ctree	125	10	750	42.261971950531006
ctree	125	10	1000	42.419841051101685
ctree	125	10	2500	42.00417470932007
ctree	125	10	5000	42.11176538467407
ctree	125	10	7500	42.50924634933472
ctree	125	10	10000	42.045076847076416
ctree	125	12	500	52.78892540931702
ctree	125	12	750	52.933908224105835
ctree	125	12	1000	53.389851808547974
ctree	125	12	2500	53.591951847076416
ctree	125	12	5000	54.09292769432068
ctree	125	12	7500	53.96918201446533
ctree	125	12	10000	53.599793434143066
ctree	125	14	500	58.98982286453247
ctree	125	14	750	58.94576597213745
ctree	125	14	1000	58.34197735786438
ctree	125	14	2500	58.296860456466675
ctree	125	14	5000	58.752225160598755
ctree	125	14	7500	59.37135028839111
ctree	125	14	10000	58.36745643615723
ctree	125	16	500	59.15843439102173
ctree	125	16	750	60.07057476043701
ctree	125	16	1000	59.9593243598938
ctree	125	16	2500	59.912638425827026
ctree	125	16	5000	59.39281487464905
ctree	125	16	7500	59.08336544036865
ctree	125	16	10000	59.21584415435791
ctree	125	18	500	60.705846548080444
ctree	125	18	750	60.32543873786926
ctree	125	18	1000	59.707504749298096
ctree	125	18	2500	59.50185465812683
ctree	125	18	5000	60.11390471458435
ctree	125	18	7500	60.03852677345276
ctree	125	18	10000	60.22995591163635
prep	150			24.324527740478516
ctree	150	6	500	27.116154670715332
ctree	150	6	750	27.059614896774292
ctree	150	6	1000	27.016364336013794
ctree	150	6	2500	26.993452310562134
ctree	150	6	5000	27.038389444351196
ctree	150	6	7500	27.752896785736084
ctree	150	6	10000	26.94933772087097
ctree	150	8	500	32.57245898246765
ctree	150	8	750	31.123324871063232
ctree	150	8	1000	32.321776151657104
ctree	150	8	2500	31.252513647079468
ctree	150	8	5000	32.49202060699463
ctree	150	8	7500	31.408376932144165
ctree	150	8	10000	31.431483268737793
ctree	150	10	500	46.817543506622314
ctree	150	10	750	47.51021480560303
ctree	150	10	1000	46.4174907207489
ctree	150	10	2500	47.541203022003174
ctree	150	10	5000	46.85355544090271
ctree	150	10	7500	46.97826910018921
ctree	150	10	10000	46.20901894569397
ctree	150	12	500	59.06095838546753
ctree	150	12	750	59.40839385986328
ctree	150	12	1000	59.414839029312134
ctree	150	12	2500	59.780369997024536
ctree	150	12	5000	59.89978313446045
ctree	150	12	7500	59.03921842575073
ctree	150	12	10000	59.64130520820618
ctree	150	14	500	66.30836319923401
ctree	150	14	750	66.0420937538147
ctree	150	14	1000	66.8247218132019
ctree	150	14	2500	66.43453979492188
ctree	150	14	5000	67.47515511512756
ctree	150	14	7500	68.19946050643921
ctree	150	14	10000	66.92388820648193
ctree	150	16	500	67.51428198814392
ctree	150	16	750	68.66417169570923
ctree	150	16	1000	67.71307730674744
ctree	150	16	2500	70.04769802093506
ctree	150	16	5000	71.6973204612732
ctree	150	16	7500	69.9540913105011
ctree	150	16	10000	69.80068469047546
ctree	150	18	500	69.06457734107971
ctree	150	18	750	68.26150822639465
ctree	150	18	1000	68.29420161247253
ctree	150	18	2500	68.19204759597778
ctree	150	18	5000	68.6152994632721
ctree	150	18	7500	69.55651426315308
ctree	150	18	10000	70.62122106552124
prep	175			28.95158338546753
ctree	175	6	500	31.39522409439087
ctree	175	6	750	32.42371082305908
ctree	175	6	1000	32.24862098693848
ctree	175	6	2500	31.80359411239624
ctree	175	6	5000	31.891488552093506
ctree	175	6	7500	31.456815719604492
ctree	175	6	10000	31.53182625770569
ctree	175	8	500	36.59815311431885
ctree	175	8	750	36.9540753364563
ctree	175	8	1000	36.01858425140381
ctree	175	8	2500	36.98806667327881
ctree	175	8	5000	36.662312030792236
ctree	175	8	7500	36.28307747840881
ctree	175	8	10000	36.39771342277527
ctree	175	10	500	55.72414493560791
ctree	175	10	750	54.721940994262695
ctree	175	10	1000	55.92385220527649
ctree	175	10	2500	56.06920385360718
ctree	175	10	5000	54.390129804611206
ctree	175	10	7500	54.29128074645996
ctree	175	10	10000	54.82989001274109
ctree	175	12	500	69.01469254493713
ctree	175	12	750	69.57390093803406
ctree	175	12	1000	71.63131761550903
ctree	175	12	2500	71.499671459198
ctree	175	12	5000	71.82135963439941
ctree	175	12	7500	72.10110783576965
ctree	175	12	10000	70.27663588523865
ctree	175	14	500	76.90951228141785
ctree	175	14	750	76.6970899105072
ctree	175	14	1000	77.34708189964294
ctree	175	14	2500	79.38634467124939
ctree	175	14	5000	79.83874845504761
ctree	175	14	7500	79.33257746696472
ctree	175	14	10000	79.92391347885132
ctree	175	16	500	79.13174724578857
ctree	175	16	750	79.10354328155518
ctree	175	16	1000	79.10021948814392
ctree	175	16	2500	79.98070955276489
ctree	175	16	5000	81.05423498153687
ctree	175	16	7500	82.78881859779358
ctree	175	16	10000	83.32041263580322
ctree	175	18	500	82.29338693618774
ctree	175	18	750	81.4840760231018
ctree	175	18	1000	80.23770356178284
ctree	175	18	2500	80.34814500808716
ctree	175	18	5000	82.37326669692993
ctree	175	18	7500	82.09856796264648
ctree	175	18	10000	81.59262800216675
prep	200			38.128430128097534
ctree	200	6	500	38.98967528343201
ctree	200	6	750	38.16325354576111
ctree	200	6	1000	38.75530219078064
ctree	200	6	2500	39.28144669532776
ctree	200	6	5000	38.80110740661621
ctree	200	6	7500	38.38698887825012
ctree	200	6	10000	38.83483266830444
ctree	200	8	500	44.86238241195679
ctree	200	8	750	44.82534122467041
ctree	200	8	1000	45.88005185127258
ctree	200	8	2500	46.05593729019165
ctree	200	8	5000	44.961546421051025
ctree	200	8	7500	45.351176023483276
ctree	200	8	10000	46.01664090156555
ctree	200	10	500	68.72511124610901
ctree	200	10	750	68.77783679962158
ctree	200	10	1000	67.98648524284363
ctree	200	10	2500	68.85556840896606
ctree	200	10	5000	68.17269849777222
ctree	200	10	7500	68.82137966156006
ctree	200	10	10000	69.36274266242981
ctree	200	12	500	88.5667040348053
ctree	200	12	750	88.69631242752075
ctree	200	12	1000	88.33825397491455
ctree	200	12	2500	87.3958146572113
ctree	200	12	5000	87.08335757255554
ctree	200	12	7500	88.31872701644897
ctree	200	12	10000	89.5516185760498
ctree	200	14	500	98.14872074127197
ctree	200	14	750	97.64896607398987
ctree	200	14	1000	96.58068609237671
ctree	200	14	2500	95.4491183757782
ctree	200	14	5000	97.79509234428406
ctree	200	14	7500	99.76022481918335
ctree	200	14	10000	98.99302268028259
ctree	200	16	500	99.8757996559143
ctree	200	16	750	98.09010577201843
ctree	200	16	1000	98.68321251869202
ctree	200	16	2500	100.133859872818
ctree	200	16	5000	100.46382522583008
ctree	200	16	7500	102.8265905380249
ctree	200	16	10000	100.09660315513611
ctree	200	18	500	99.47207856178284
ctree	200	18	750	98.98374462127686
ctree	200	18	1000	100.34331369400024
ctree	200	18	2500	102.07007908821106
ctree	200	18	5000	102.0117654800415
ctree	200	18	7500	101.3986463546753
ctree	200	18	10000	99.83990573883057
